variant,mean_auc,std_auc
small,0.8297540181691125,0.022072127876003964
base,0.8288343815513628,0.0206737568305506
wide,0.8312243186582808,0.02530768955560878
